District,Year,Environmental_exposure_index,Top_GW_stress_1,Top_GW_stress_2,Top_GW_stress_3,Environmental_stress_band,Environmental_susceptibility_high_stress_YN,HMIS_observed_burden_tercile,HMIS_observed_high_burden_YN,HMIS_burden_per_100k,HMIS_health_indicators_in_composite,HMIS_indicator_list_reference,Interpretation_note
Araria,2019,0.1887,Fluoride (F) (z=+2.05),Monitoring intensity (# wells sampled) (z=-0.80),Sulphate (SO4) (z=-0.69),Medium,No,high,Yes,69.46,"HMIS composite burden sums official counts for: SAM; childhood diarrhoea, pneumonia, measles; infant deaths (1–12m) from diarrhoea/pneumonia; child deaths (1–5y) from diarrhoea/pneumonia; infant deaths within 24h of birth; still births (facility rollup Total, same HMIS rule as ETL).",Childhood Diseases - Severe Acute Malnutrition (SAM); Childhood Diseases - Diarrhoea; Childhood Diseases - Pneumonia; Childhood Diseases - Measles; Number of Infant Deaths (1 -12 months) due to Diarrhoea; Number of Infant Deaths (1 -12 months) due to Pneumonia; Number of Child Deaths (1 -5 years) due to Diarrhoea; Number of Child Deaths (1 -5 years) due to Pneumonia; Number of cases of Infant deaths within 24 hrs of birth; Number of still births,Environmental Y/N = cohort-high exposure band from CGWB medians + monitoring intensity (not a clinical diagnosis). HMIS Y/N = observed composite burden in top tertile when available.
Arwal,2019,-0.0821,Fluoride (F) (z=+1.44),Chloride (Cl) (z=-1.36),Bicarbonate (HCO3) (z=+1.03),Medium,No,high,Yes,126.7,"HMIS composite burden sums official counts for: SAM; childhood diarrhoea, pneumonia, measles; infant deaths (1–12m) from diarrhoea/pneumonia; child deaths (1–5y) from diarrhoea/pneumonia; infant deaths within 24h of birth; still births (facility rollup Total, same HMIS rule as ETL).",Childhood Diseases - Severe Acute Malnutrition (SAM); Childhood Diseases - Diarrhoea; Childhood Diseases - Pneumonia; Childhood Diseases - Measles; Number of Infant Deaths (1 -12 months) due to Diarrhoea; Number of Infant Deaths (1 -12 months) due to Pneumonia; Number of Child Deaths (1 -5 years) due to Diarrhoea; Number of Child Deaths (1 -5 years) due to Pneumonia; Number of cases of Infant deaths within 24 hrs of birth; Number of still births,Environmental Y/N = cohort-high exposure band from CGWB medians + monitoring intensity (not a clinical diagnosis). HMIS Y/N = observed composite burden in top tertile when available.
Arwal,2020,-0.5959,Bicarbonate (HCO3) (z=-1.38),Electrical conductivity (EC) (z=-1.11),Fluoride (F) (z=-1.01),Low,No,high,Yes,55.08,"HMIS composite burden sums official counts for: SAM; childhood diarrhoea, pneumonia, measles; infant deaths (1–12m) from diarrhoea/pneumonia; child deaths (1–5y) from diarrhoea/pneumonia; infant deaths within 24h of birth; still births (facility rollup Total, same HMIS rule as ETL).",Childhood Diseases - Severe Acute Malnutrition (SAM); Childhood Diseases - Diarrhoea; Childhood Diseases - Pneumonia; Childhood Diseases - Measles; Number of Infant Deaths (1 -12 months) due to Diarrhoea; Number of Infant Deaths (1 -12 months) due to Pneumonia; Number of Child Deaths (1 -5 years) due to Diarrhoea; Number of Child Deaths (1 -5 years) due to Pneumonia; Number of cases of Infant deaths within 24 hrs of birth; Number of still births,Environmental Y/N = cohort-high exposure band from CGWB medians + monitoring intensity (not a clinical diagnosis). HMIS Y/N = observed composite burden in top tertile when available.
Arwal,2021,0.0672,Chloride (Cl) (z=+2.00),Bicarbonate (HCO3) (z=-1.28),Monitoring intensity (# wells sampled) (z=-0.80),Medium,No,mid,No,42.52,"HMIS composite burden sums official counts for: SAM; childhood diarrhoea, pneumonia, measles; infant deaths (1–12m) from diarrhoea/pneumonia; child deaths (1–5y) from diarrhoea/pneumonia; infant deaths within 24h of birth; still births (facility rollup Total, same HMIS rule as ETL).",Childhood Diseases - Severe Acute Malnutrition (SAM); Childhood Diseases - Diarrhoea; Childhood Diseases - Pneumonia; Childhood Diseases - Measles; Number of Infant Deaths (1 -12 months) due to Diarrhoea; Number of Infant Deaths (1 -12 months) due to Pneumonia; Number of Child Deaths (1 -5 years) due to Diarrhoea; Number of Child Deaths (1 -5 years) due to Pneumonia; Number of cases of Infant deaths within 24 hrs of birth; Number of still births,Environmental Y/N = cohort-high exposure band from CGWB medians + monitoring intensity (not a clinical diagnosis). HMIS Y/N = observed composite burden in top tertile when available.
Aurangabad,2019,0.4907,Bicarbonate (HCO3) (z=+1.52),Total dissolved solids (TDS) (z=+1.36),Electrical conductivity (EC) (z=+1.32),High,Yes,mid,No,38.07,"HMIS composite burden sums official counts for: SAM; childhood diarrhoea, pneumonia, measles; infant deaths (1–12m) from diarrhoea/pneumonia; child deaths (1–5y) from diarrhoea/pneumonia; infant deaths within 24h of birth; still births (facility rollup Total, same HMIS rule as ETL).",Childhood Diseases - Severe Acute Malnutrition (SAM); Childhood Diseases - Diarrhoea; Childhood Diseases - Pneumonia; Childhood Diseases - Measles; Number of Infant Deaths (1 -12 months) due to Diarrhoea; Number of Infant Deaths (1 -12 months) due to Pneumonia; Number of Child Deaths (1 -5 years) due to Diarrhoea; Number of Child Deaths (1 -5 years) due to Pneumonia; Number of cases of Infant deaths within 24 hrs of birth; Number of still births,Environmental Y/N = cohort-high exposure band from CGWB medians + monitoring intensity (not a clinical diagnosis). HMIS Y/N = observed composite burden in top tertile when available.
Aurangabad,2021,0.6689,Electrical conductivity (EC) (z=+1.80),Total dissolved solids (TDS) (z=+1.67),Nitrate (NO3) (z=+0.86),High,Yes,low,No,5.67,"HMIS composite burden sums official counts for: SAM; childhood diarrhoea, pneumonia, measles; infant deaths (1–12m) from diarrhoea/pneumonia; child deaths (1–5y) from diarrhoea/pneumonia; infant deaths within 24h of birth; still births (facility rollup Total, same HMIS rule as ETL).",Childhood Diseases - Severe Acute Malnutrition (SAM); Childhood Diseases - Diarrhoea; Childhood Diseases - Pneumonia; Childhood Diseases - Measles; Number of Infant Deaths (1 -12 months) due to Diarrhoea; Number of Infant Deaths (1 -12 months) due to Pneumonia; Number of Child Deaths (1 -5 years) due to Diarrhoea; Number of Child Deaths (1 -5 years) due to Pneumonia; Number of cases of Infant deaths within 24 hrs of birth; Number of still births,Environmental Y/N = cohort-high exposure band from CGWB medians + monitoring intensity (not a clinical diagnosis). HMIS Y/N = observed composite burden in top tertile when available.
Banka,2019,0.1524,Fluoride (F) (z=+2.10),Bicarbonate (HCO3) (z=-0.64),Total dissolved solids (TDS) (z=+0.57),Medium,No,mid,No,31.99,"HMIS composite burden sums official counts for: SAM; childhood diarrhoea, pneumonia, measles; infant deaths (1–12m) from diarrhoea/pneumonia; child deaths (1–5y) from diarrhoea/pneumonia; infant deaths within 24h of birth; still births (facility rollup Total, same HMIS rule as ETL).",Childhood Diseases - Severe Acute Malnutrition (SAM); Childhood Diseases - Diarrhoea; Childhood Diseases - Pneumonia; Childhood Diseases - Measles; Number of Infant Deaths (1 -12 months) due to Diarrhoea; Number of Infant Deaths (1 -12 months) due to Pneumonia; Number of Child Deaths (1 -5 years) due to Diarrhoea; Number of Child Deaths (1 -5 years) due to Pneumonia; Number of cases of Infant deaths within 24 hrs of birth; Number of still births,Environmental Y/N = cohort-high exposure band from CGWB medians + monitoring intensity (not a clinical diagnosis). HMIS Y/N = observed composite burden in top tertile when available.
Begusarai,2019,0.2987,Monitoring intensity (# wells sampled) (z=+1.65),Nitrate (NO3) (z=-0.86),pH (z=+0.78),High,Yes,mid,No,40.36,"HMIS composite burden sums official counts for: SAM; childhood diarrhoea, pneumonia, measles; infant deaths (1–12m) from diarrhoea/pneumonia; child deaths (1–5y) from diarrhoea/pneumonia; infant deaths within 24h of birth; still births (facility rollup Total, same HMIS rule as ETL).",Childhood Diseases - Severe Acute Malnutrition (SAM); Childhood Diseases - Diarrhoea; Childhood Diseases - Pneumonia; Childhood Diseases - Measles; Number of Infant Deaths (1 -12 months) due to Diarrhoea; Number of Infant Deaths (1 -12 months) due to Pneumonia; Number of Child Deaths (1 -5 years) due to Diarrhoea; Number of Child Deaths (1 -5 years) due to Pneumonia; Number of cases of Infant deaths within 24 hrs of birth; Number of still births,Environmental Y/N = cohort-high exposure band from CGWB medians + monitoring intensity (not a clinical diagnosis). HMIS Y/N = observed composite burden in top tertile when available.
Begusarai,2021,0.1032,Sulphate (SO4) (z=+2.69),Total dissolved solids (TDS) (z=-1.86),Fluoride (F) (z=-0.99),Medium,No,low,No,13.13,"HMIS composite burden sums official counts for: SAM; childhood diarrhoea, pneumonia, measles; infant deaths (1–12m) from diarrhoea/pneumonia; child deaths (1–5y) from diarrhoea/pneumonia; infant deaths within 24h of birth; still births (facility rollup Total, same HMIS rule as ETL).",Childhood Diseases - Severe Acute Malnutrition (SAM); Childhood Diseases - Diarrhoea; Childhood Diseases - Pneumonia; Childhood Diseases - Measles; Number of Infant Deaths (1 -12 months) due to Diarrhoea; Number of Infant Deaths (1 -12 months) due to Pneumonia; Number of Child Deaths (1 -5 years) due to Diarrhoea; Number of Child Deaths (1 -5 years) due to Pneumonia; Number of cases of Infant deaths within 24 hrs of birth; Number of still births,Environmental Y/N = cohort-high exposure band from CGWB medians + monitoring intensity (not a clinical diagnosis). HMIS Y/N = observed composite burden in top tertile when available.
Bhagalpur,2019,0.1369,Fluoride (F) (z=+1.48),Sulphate (SO4) (z=+0.82),Total dissolved solids (TDS) (z=+0.74),Medium,No,mid,No,47.14,"HMIS composite burden sums official counts for: SAM; childhood diarrhoea, pneumonia, measles; infant deaths (1–12m) from diarrhoea/pneumonia; child deaths (1–5y) from diarrhoea/pneumonia; infant deaths within 24h of birth; still births (facility rollup Total, same HMIS rule as ETL).",Childhood Diseases - Severe Acute Malnutrition (SAM); Childhood Diseases - Diarrhoea; Childhood Diseases - Pneumonia; Childhood Diseases - Measles; Number of Infant Deaths (1 -12 months) due to Diarrhoea; Number of Infant Deaths (1 -12 months) due to Pneumonia; Number of Child Deaths (1 -5 years) due to Diarrhoea; Number of Child Deaths (1 -5 years) due to Pneumonia; Number of cases of Infant deaths within 24 hrs of birth; Number of still births,Environmental Y/N = cohort-high exposure band from CGWB medians + monitoring intensity (not a clinical diagnosis). HMIS Y/N = observed composite burden in top tertile when available.
Bhojpur,2019,0.356,Monitoring intensity (# wells sampled) (z=+1.58),Total dissolved solids (TDS) (z=+0.80),Sulphate (SO4) (z=+0.75),High,Yes,high,Yes,48.2,"HMIS composite burden sums official counts for: SAM; childhood diarrhoea, pneumonia, measles; infant deaths (1–12m) from diarrhoea/pneumonia; child deaths (1–5y) from diarrhoea/pneumonia; infant deaths within 24h of birth; still births (facility rollup Total, same HMIS rule as ETL).",Childhood Diseases - Severe Acute Malnutrition (SAM); Childhood Diseases - Diarrhoea; Childhood Diseases - Pneumonia; Childhood Diseases - Measles; Number of Infant Deaths (1 -12 months) due to Diarrhoea; Number of Infant Deaths (1 -12 months) due to Pneumonia; Number of Child Deaths (1 -5 years) due to Diarrhoea; Number of Child Deaths (1 -5 years) due to Pneumonia; Number of cases of Infant deaths within 24 hrs of birth; Number of still births,Environmental Y/N = cohort-high exposure band from CGWB medians + monitoring intensity (not a clinical diagnosis). HMIS Y/N = observed composite burden in top tertile when available.
Bhojpur,2020,0.1507,pH (z=-3.03),Nitrate (NO3) (z=+2.14),Sulphate (SO4) (z=+1.88),Medium,No,mid,No,44.93,"HMIS composite burden sums official counts for: SAM; childhood diarrhoea, pneumonia, measles; infant deaths (1–12m) from diarrhoea/pneumonia; child deaths (1–5y) from diarrhoea/pneumonia; infant deaths within 24h of birth; still births (facility rollup Total, same HMIS rule as ETL).",Childhood Diseases - Severe Acute Malnutrition (SAM); Childhood Diseases - Diarrhoea; Childhood Diseases - Pneumonia; Childhood Diseases - Measles; Number of Infant Deaths (1 -12 months) due to Diarrhoea; Number of Infant Deaths (1 -12 months) due to Pneumonia; Number of Child Deaths (1 -5 years) due to Diarrhoea; Number of Child Deaths (1 -5 years) due to Pneumonia; Number of cases of Infant deaths within 24 hrs of birth; Number of still births,Environmental Y/N = cohort-high exposure band from CGWB medians + monitoring intensity (not a clinical diagnosis). HMIS Y/N = observed composite burden in top tertile when available.
Bhojpur,2021,0.653,Electrical conductivity (EC) (z=+1.97),Total dissolved solids (TDS) (z=-1.82),Monitoring intensity (# wells sampled) (z=+1.70),High,Yes,high,Yes,61.9,"HMIS composite burden sums official counts for: SAM; childhood diarrhoea, pneumonia, measles; infant deaths (1–12m) from diarrhoea/pneumonia; child deaths (1–5y) from diarrhoea/pneumonia; infant deaths within 24h of birth; still births (facility rollup Total, same HMIS rule as ETL).",Childhood Diseases - Severe Acute Malnutrition (SAM); Childhood Diseases - Diarrhoea; Childhood Diseases - Pneumonia; Childhood Diseases - Measles; Number of Infant Deaths (1 -12 months) due to Diarrhoea; Number of Infant Deaths (1 -12 months) due to Pneumonia; Number of Child Deaths (1 -5 years) due to Diarrhoea; Number of Child Deaths (1 -5 years) due to Pneumonia; Number of cases of Infant deaths within 24 hrs of birth; Number of still births,Environmental Y/N = cohort-high exposure band from CGWB medians + monitoring intensity (not a clinical diagnosis). HMIS Y/N = observed composite burden in top tertile when available.
Buxar,2019,0.4456,Fluoride (F) (z=+2.05),Bicarbonate (HCO3) (z=+1.34),Monitoring intensity (# wells sampled) (z=+1.31),High,Yes,low,No,7.09,"HMIS composite burden sums official counts for: SAM; childhood diarrhoea, pneumonia, measles; infant deaths (1–12m) from diarrhoea/pneumonia; child deaths (1–5y) from diarrhoea/pneumonia; infant deaths within 24h of birth; still births (facility rollup Total, same HMIS rule as ETL).",Childhood Diseases - Severe Acute Malnutrition (SAM); Childhood Diseases - Diarrhoea; Childhood Diseases - Pneumonia; Childhood Diseases - Measles; Number of Infant Deaths (1 -12 months) due to Diarrhoea; Number of Infant Deaths (1 -12 months) due to Pneumonia; Number of Child Deaths (1 -5 years) due to Diarrhoea; Number of Child Deaths (1 -5 years) due to Pneumonia; Number of cases of Infant deaths within 24 hrs of birth; Number of still births,Environmental Y/N = cohort-high exposure band from CGWB medians + monitoring intensity (not a clinical diagnosis). HMIS Y/N = observed composite burden in top tertile when available.
Buxar,2020,-0.6264,pH (z=-2.87),Bicarbonate (HCO3) (z=-1.94),Sulphate (SO4) (z=+1.41),Low,No,low,No,0.41,"HMIS composite burden sums official counts for: SAM; childhood diarrhoea, pneumonia, measles; infant deaths (1–12m) from diarrhoea/pneumonia; child deaths (1–5y) from diarrhoea/pneumonia; infant deaths within 24h of birth; still births (facility rollup Total, same HMIS rule as ETL).",Childhood Diseases - Severe Acute Malnutrition (SAM); Childhood Diseases - Diarrhoea; Childhood Diseases - Pneumonia; Childhood Diseases - Measles; Number of Infant Deaths (1 -12 months) due to Diarrhoea; Number of Infant Deaths (1 -12 months) due to Pneumonia; Number of Child Deaths (1 -5 years) due to Diarrhoea; Number of Child Deaths (1 -5 years) due to Pneumonia; Number of cases of Infant deaths within 24 hrs of birth; Number of still births,Environmental Y/N = cohort-high exposure band from CGWB medians + monitoring intensity (not a clinical diagnosis). HMIS Y/N = observed composite burden in top tertile when available.
Buxar,2021,0.0,Total dissolved solids (TDS) (z=-1.81),Monitoring intensity (# wells sampled) (z=+1.31),Bicarbonate (HCO3) (z=+1.23),Medium,No,low,No,0.94,"HMIS composite burden sums official counts for: SAM; childhood diarrhoea, pneumonia, measles; infant deaths (1–12m) from diarrhoea/pneumonia; child deaths (1–5y) from diarrhoea/pneumonia; infant deaths within 24h of birth; still births (facility rollup Total, same HMIS rule as ETL).",Childhood Diseases - Severe Acute Malnutrition (SAM); Childhood Diseases - Diarrhoea; Childhood Diseases - Pneumonia; Childhood Diseases - Measles; Number of Infant Deaths (1 -12 months) due to Diarrhoea; Number of Infant Deaths (1 -12 months) due to Pneumonia; Number of Child Deaths (1 -5 years) due to Diarrhoea; Number of Child Deaths (1 -5 years) due to Pneumonia; Number of cases of Infant deaths within 24 hrs of birth; Number of still births,Environmental Y/N = cohort-high exposure band from CGWB medians + monitoring intensity (not a clinical diagnosis). HMIS Y/N = observed composite burden in top tertile when available.
Darbhanga,2019,-0.6094,Sulphate (SO4) (z=-1.50),Chloride (Cl) (z=-1.42),Electrical conductivity (EC) (z=-1.25),Low,No,low,No,8.23,"HMIS composite burden sums official counts for: SAM; childhood diarrhoea, pneumonia, measles; infant deaths (1–12m) from diarrhoea/pneumonia; child deaths (1–5y) from diarrhoea/pneumonia; infant deaths within 24h of birth; still births (facility rollup Total, same HMIS rule as ETL).",Childhood Diseases - Severe Acute Malnutrition (SAM); Childhood Diseases - Diarrhoea; Childhood Diseases - Pneumonia; Childhood Diseases - Measles; Number of Infant Deaths (1 -12 months) due to Diarrhoea; Number of Infant Deaths (1 -12 months) due to Pneumonia; Number of Child Deaths (1 -5 years) due to Diarrhoea; Number of Child Deaths (1 -5 years) due to Pneumonia; Number of cases of Infant deaths within 24 hrs of birth; Number of still births,Environmental Y/N = cohort-high exposure band from CGWB medians + monitoring intensity (not a clinical diagnosis). HMIS Y/N = observed composite burden in top tertile when available.
Darbhanga,2021,-0.7675,Total dissolved solids (TDS) (z=-1.82),Sulphate (SO4) (z=-1.64),Chloride (Cl) (z=-1.25),Low,No,mid,No,25.07,"HMIS composite burden sums official counts for: SAM; childhood diarrhoea, pneumonia, measles; infant deaths (1–12m) from diarrhoea/pneumonia; child deaths (1–5y) from diarrhoea/pneumonia; infant deaths within 24h of birth; still births (facility rollup Total, same HMIS rule as ETL).",Childhood Diseases - Severe Acute Malnutrition (SAM); Childhood Diseases - Diarrhoea; Childhood Diseases - Pneumonia; Childhood Diseases - Measles; Number of Infant Deaths (1 -12 months) due to Diarrhoea; Number of Infant Deaths (1 -12 months) due to Pneumonia; Number of Child Deaths (1 -5 years) due to Diarrhoea; Number of Child Deaths (1 -5 years) due to Pneumonia; Number of cases of Infant deaths within 24 hrs of birth; Number of still births,Environmental Y/N = cohort-high exposure band from CGWB medians + monitoring intensity (not a clinical diagnosis). HMIS Y/N = observed composite burden in top tertile when available.
Gaya,2019,0.6096,Bicarbonate (HCO3) (z=+1.98),Total dissolved solids (TDS) (z=+1.33),Electrical conductivity (EC) (z=+1.27),High,Yes,high,Yes,51.87,"HMIS composite burden sums official counts for: SAM; childhood diarrhoea, pneumonia, measles; infant deaths (1–12m) from diarrhoea/pneumonia; child deaths (1–5y) from diarrhoea/pneumonia; infant deaths within 24h of birth; still births (facility rollup Total, same HMIS rule as ETL).",Childhood Diseases - Severe Acute Malnutrition (SAM); Childhood Diseases - Diarrhoea; Childhood Diseases - Pneumonia; Childhood Diseases - Measles; Number of Infant Deaths (1 -12 months) due to Diarrhoea; Number of Infant Deaths (1 -12 months) due to Pneumonia; Number of Child Deaths (1 -5 years) due to Diarrhoea; Number of Child Deaths (1 -5 years) due to Pneumonia; Number of cases of Infant deaths within 24 hrs of birth; Number of still births,Environmental Y/N = cohort-high exposure band from CGWB medians + monitoring intensity (not a clinical diagnosis). HMIS Y/N = observed composite burden in top tertile when available.
Gaya,2020,0.5616,Nitrate (NO3) (z=+1.95),Chloride (Cl) (z=+1.29),Electrical conductivity (EC) (z=+1.13),High,Yes,mid,No,19.47,"HMIS composite burden sums official counts for: SAM; childhood diarrhoea, pneumonia, measles; infant deaths (1–12m) from diarrhoea/pneumonia; child deaths (1–5y) from diarrhoea/pneumonia; infant deaths within 24h of birth; still births (facility rollup Total, same HMIS rule as ETL).",Childhood Diseases - Severe Acute Malnutrition (SAM); Childhood Diseases - Diarrhoea; Childhood Diseases - Pneumonia; Childhood Diseases - Measles; Number of Infant Deaths (1 -12 months) due to Diarrhoea; Number of Infant Deaths (1 -12 months) due to Pneumonia; Number of Child Deaths (1 -5 years) due to Diarrhoea; Number of Child Deaths (1 -5 years) due to Pneumonia; Number of cases of Infant deaths within 24 hrs of birth; Number of still births,Environmental Y/N = cohort-high exposure band from CGWB medians + monitoring intensity (not a clinical diagnosis). HMIS Y/N = observed composite burden in top tertile when available.
Gaya,2021,0.4844,Chloride (Cl) (z=+2.61),Electrical conductivity (EC) (z=+1.80),Total dissolved solids (TDS) (z=-1.77),High,Yes,mid,No,20.77,"HMIS composite burden sums official counts for: SAM; childhood diarrhoea, pneumonia, measles; infant deaths (1–12m) from diarrhoea/pneumonia; child deaths (1–5y) from diarrhoea/pneumonia; infant deaths within 24h of birth; still births (facility rollup Total, same HMIS rule as ETL).",Childhood Diseases - Severe Acute Malnutrition (SAM); Childhood Diseases - Diarrhoea; Childhood Diseases - Pneumonia; Childhood Diseases - Measles; Number of Infant Deaths (1 -12 months) due to Diarrhoea; Number of Infant Deaths (1 -12 months) due to Pneumonia; Number of Child Deaths (1 -5 years) due to Diarrhoea; Number of Child Deaths (1 -5 years) due to Pneumonia; Number of cases of Infant deaths within 24 hrs of birth; Number of still births,Environmental Y/N = cohort-high exposure band from CGWB medians + monitoring intensity (not a clinical diagnosis). HMIS Y/N = observed composite burden in top tertile when available.
Gopalganj,2019,-0.0634,pH (z=-1.05),Fluoride (F) (z=-0.96),Sulphate (SO4) (z=+0.91),Medium,No,high,Yes,78.26,"HMIS composite burden sums official counts for: SAM; childhood diarrhoea, pneumonia, measles; infant deaths (1–12m) from diarrhoea/pneumonia; child deaths (1–5y) from diarrhoea/pneumonia; infant deaths within 24h of birth; still births (facility rollup Total, same HMIS rule as ETL).",Childhood Diseases - Severe Acute Malnutrition (SAM); Childhood Diseases - Diarrhoea; Childhood Diseases - Pneumonia; Childhood Diseases - Measles; Number of Infant Deaths (1 -12 months) due to Diarrhoea; Number of Infant Deaths (1 -12 months) due to Pneumonia; Number of Child Deaths (1 -5 years) due to Diarrhoea; Number of Child Deaths (1 -5 years) due to Pneumonia; Number of cases of Infant deaths within 24 hrs of birth; Number of still births,Environmental Y/N = cohort-high exposure band from CGWB medians + monitoring intensity (not a clinical diagnosis). HMIS Y/N = observed composite burden in top tertile when available.
Gopalganj,2020,-0.5579,Monitoring intensity (# wells sampled) (z=-1.09),Fluoride (F) (z=-1.01),Chloride (Cl) (z=-0.88),Low,No,mid,No,44.34,"HMIS composite burden sums official counts for: SAM; childhood diarrhoea, pneumonia, measles; infant deaths (1–12m) from diarrhoea/pneumonia; child deaths (1–5y) from diarrhoea/pneumonia; infant deaths within 24h of birth; still births (facility rollup Total, same HMIS rule as ETL).",Childhood Diseases - Severe Acute Malnutrition (SAM); Childhood Diseases - Diarrhoea; Childhood Diseases - Pneumonia; Childhood Diseases - Measles; Number of Infant Deaths (1 -12 months) due to Diarrhoea; Number of Infant Deaths (1 -12 months) due to Pneumonia; Number of Child Deaths (1 -5 years) due to Diarrhoea; Number of Child Deaths (1 -5 years) due to Pneumonia; Number of cases of Infant deaths within 24 hrs of birth; Number of still births,Environmental Y/N = cohort-high exposure band from CGWB medians + monitoring intensity (not a clinical diagnosis). HMIS Y/N = observed composite burden in top tertile when available.
Jamui,2019,0.2127,Fluoride (F) (z=+1.48),Bicarbonate (HCO3) (z=-0.90),Sulphate (SO4) (z=+0.82),High,Yes,mid,No,40.73,"HMIS composite burden sums official counts for: SAM; childhood diarrhoea, pneumonia, measles; infant deaths (1–12m) from diarrhoea/pneumonia; child deaths (1–5y) from diarrhoea/pneumonia; infant deaths within 24h of birth; still births (facility rollup Total, same HMIS rule as ETL).",Childhood Diseases - Severe Acute Malnutrition (SAM); Childhood Diseases - Diarrhoea; Childhood Diseases - Pneumonia; Childhood Diseases - Measles; Number of Infant Deaths (1 -12 months) due to Diarrhoea; Number of Infant Deaths (1 -12 months) due to Pneumonia; Number of Child Deaths (1 -5 years) due to Diarrhoea; Number of Child Deaths (1 -5 years) due to Pneumonia; Number of cases of Infant deaths within 24 hrs of birth; Number of still births,Environmental Y/N = cohort-high exposure band from CGWB medians + monitoring intensity (not a clinical diagnosis). HMIS Y/N = observed composite burden in top tertile when available.
Jehanabad,2020,0.48,Sulphate (SO4) (z=+1.94),Nitrate (NO3) (z=+1.44),Fluoride (F) (z=-1.01),High,Yes,high,Yes,65.4,"HMIS composite burden sums official counts for: SAM; childhood diarrhoea, pneumonia, measles; infant deaths (1–12m) from diarrhoea/pneumonia; child deaths (1–5y) from diarrhoea/pneumonia; infant deaths within 24h of birth; still births (facility rollup Total, same HMIS rule as ETL).",Childhood Diseases - Severe Acute Malnutrition (SAM); Childhood Diseases - Diarrhoea; Childhood Diseases - Pneumonia; Childhood Diseases - Measles; Number of Infant Deaths (1 -12 months) due to Diarrhoea; Number of Infant Deaths (1 -12 months) due to Pneumonia; Number of Child Deaths (1 -5 years) due to Diarrhoea; Number of Child Deaths (1 -5 years) due to Pneumonia; Number of cases of Infant deaths within 24 hrs of birth; Number of still births,Environmental Y/N = cohort-high exposure band from CGWB medians + monitoring intensity (not a clinical diagnosis). HMIS Y/N = observed composite burden in top tertile when available.
Jehanabad,2021,0.738,Chloride (Cl) (z=+2.00),Total dissolved solids (TDS) (z=+1.24),Fluoride (F) (z=+1.14),High,Yes,mid,No,45.68,"HMIS composite burden sums official counts for: SAM; childhood diarrhoea, pneumonia, measles; infant deaths (1–12m) from diarrhoea/pneumonia; child deaths (1–5y) from diarrhoea/pneumonia; infant deaths within 24h of birth; still births (facility rollup Total, same HMIS rule as ETL).",Childhood Diseases - Severe Acute Malnutrition (SAM); Childhood Diseases - Diarrhoea; Childhood Diseases - Pneumonia; Childhood Diseases - Measles; Number of Infant Deaths (1 -12 months) due to Diarrhoea; Number of Infant Deaths (1 -12 months) due to Pneumonia; Number of Child Deaths (1 -5 years) due to Diarrhoea; Number of Child Deaths (1 -5 years) due to Pneumonia; Number of cases of Infant deaths within 24 hrs of birth; Number of still births,Environmental Y/N = cohort-high exposure band from CGWB medians + monitoring intensity (not a clinical diagnosis). HMIS Y/N = observed composite burden in top tertile when available.
Katihar,2019,0.0009,Chloride (Cl) (z=-0.64),pH (z=+0.63),Bicarbonate (HCO3) (z=+0.53),Medium,No,low,No,8.17,"HMIS composite burden sums official counts for: SAM; childhood diarrhoea, pneumonia, measles; infant deaths (1–12m) from diarrhoea/pneumonia; child deaths (1–5y) from diarrhoea/pneumonia; infant deaths within 24h of birth; still births (facility rollup Total, same HMIS rule as ETL).",Childhood Diseases - Severe Acute Malnutrition (SAM); Childhood Diseases - Diarrhoea; Childhood Diseases - Pneumonia; Childhood Diseases - Measles; Number of Infant Deaths (1 -12 months) due to Diarrhoea; Number of Infant Deaths (1 -12 months) due to Pneumonia; Number of Child Deaths (1 -5 years) due to Diarrhoea; Number of Child Deaths (1 -5 years) due to Pneumonia; Number of cases of Infant deaths within 24 hrs of birth; Number of still births,Environmental Y/N = cohort-high exposure band from CGWB medians + monitoring intensity (not a clinical diagnosis). HMIS Y/N = observed composite burden in top tertile when available.
Katihar,2020,0.4352,pH (z=-3.65),Nitrate (NO3) (z=+3.60),Electrical conductivity (EC) (z=+2.59),High,Yes,low,No,3.65,"HMIS composite burden sums official counts for: SAM; childhood diarrhoea, pneumonia, measles; infant deaths (1–12m) from diarrhoea/pneumonia; child deaths (1–5y) from diarrhoea/pneumonia; infant deaths within 24h of birth; still births (facility rollup Total, same HMIS rule as ETL).",Childhood Diseases - Severe Acute Malnutrition (SAM); Childhood Diseases - Diarrhoea; Childhood Diseases - Pneumonia; Childhood Diseases - Measles; Number of Infant Deaths (1 -12 months) due to Diarrhoea; Number of Infant Deaths (1 -12 months) due to Pneumonia; Number of Child Deaths (1 -5 years) due to Diarrhoea; Number of Child Deaths (1 -5 years) due to Pneumonia; Number of cases of Infant deaths within 24 hrs of birth; Number of still births,Environmental Y/N = cohort-high exposure band from CGWB medians + monitoring intensity (not a clinical diagnosis). HMIS Y/N = observed composite burden in top tertile when available.
Khagaria,2019,0.2787,Chloride (Cl) (z=+2.66),Sulphate (SO4) (z=-1.40),Nitrate (NO3) (z=-0.93),High,Yes,high,Yes,965.69,"HMIS composite burden sums official counts for: SAM; childhood diarrhoea, pneumonia, measles; infant deaths (1–12m) from diarrhoea/pneumonia; child deaths (1–5y) from diarrhoea/pneumonia; infant deaths within 24h of birth; still births (facility rollup Total, same HMIS rule as ETL).",Childhood Diseases - Severe Acute Malnutrition (SAM); Childhood Diseases - Diarrhoea; Childhood Diseases - Pneumonia; Childhood Diseases - Measles; Number of Infant Deaths (1 -12 months) due to Diarrhoea; Number of Infant Deaths (1 -12 months) due to Pneumonia; Number of Child Deaths (1 -5 years) due to Diarrhoea; Number of Child Deaths (1 -5 years) due to Pneumonia; Number of cases of Infant deaths within 24 hrs of birth; Number of still births,Environmental Y/N = cohort-high exposure band from CGWB medians + monitoring intensity (not a clinical diagnosis). HMIS Y/N = observed composite burden in top tertile when available.
Kishanganj,2019,-0.1255,Fluoride (F) (z=+2.12),Bicarbonate (HCO3) (z=-1.19),Chloride (Cl) (z=-0.88),Medium,No,high,Yes,150.5,"HMIS composite burden sums official counts for: SAM; childhood diarrhoea, pneumonia, measles; infant deaths (1–12m) from diarrhoea/pneumonia; child deaths (1–5y) from diarrhoea/pneumonia; infant deaths within 24h of birth; still births (facility rollup Total, same HMIS rule as ETL).",Childhood Diseases - Severe Acute Malnutrition (SAM); Childhood Diseases - Diarrhoea; Childhood Diseases - Pneumonia; Childhood Diseases - Measles; Number of Infant Deaths (1 -12 months) due to Diarrhoea; Number of Infant Deaths (1 -12 months) due to Pneumonia; Number of Child Deaths (1 -5 years) due to Diarrhoea; Number of Child Deaths (1 -5 years) due to Pneumonia; Number of cases of Infant deaths within 24 hrs of birth; Number of still births,Environmental Y/N = cohort-high exposure band from CGWB medians + monitoring intensity (not a clinical diagnosis). HMIS Y/N = observed composite burden in top tertile when available.
Madhepura,2019,0.1387,Fluoride (F) (z=+1.40),Sulphate (SO4) (z=+1.11),Bicarbonate (HCO3) (z=-0.98),Medium,No,mid,No,18.48,"HMIS composite burden sums official counts for: SAM; childhood diarrhoea, pneumonia, measles; infant deaths (1–12m) from diarrhoea/pneumonia; child deaths (1–5y) from diarrhoea/pneumonia; infant deaths within 24h of birth; still births (facility rollup Total, same HMIS rule as ETL).",Childhood Diseases - Severe Acute Malnutrition (SAM); Childhood Diseases - Diarrhoea; Childhood Diseases - Pneumonia; Childhood Diseases - Measles; Number of Infant Deaths (1 -12 months) due to Diarrhoea; Number of Infant Deaths (1 -12 months) due to Pneumonia; Number of Child Deaths (1 -5 years) due to Diarrhoea; Number of Child Deaths (1 -5 years) due to Pneumonia; Number of cases of Infant deaths within 24 hrs of birth; Number of still births,Environmental Y/N = cohort-high exposure band from CGWB medians + monitoring intensity (not a clinical diagnosis). HMIS Y/N = observed composite burden in top tertile when available.
Madhubani,2019,-0.0091,Monitoring intensity (# wells sampled) (z=+1.31),Sulphate (SO4) (z=-1.09),Fluoride (F) (z=+1.02),Medium,No,mid,No,38.95,"HMIS composite burden sums official counts for: SAM; childhood diarrhoea, pneumonia, measles; infant deaths (1–12m) from diarrhoea/pneumonia; child deaths (1–5y) from diarrhoea/pneumonia; infant deaths within 24h of birth; still births (facility rollup Total, same HMIS rule as ETL).",Childhood Diseases - Severe Acute Malnutrition (SAM); Childhood Diseases - Diarrhoea; Childhood Diseases - Pneumonia; Childhood Diseases - Measles; Number of Infant Deaths (1 -12 months) due to Diarrhoea; Number of Infant Deaths (1 -12 months) due to Pneumonia; Number of Child Deaths (1 -5 years) due to Diarrhoea; Number of Child Deaths (1 -5 years) due to Pneumonia; Number of cases of Infant deaths within 24 hrs of birth; Number of still births,Environmental Y/N = cohort-high exposure band from CGWB medians + monitoring intensity (not a clinical diagnosis). HMIS Y/N = observed composite burden in top tertile when available.
Munger,2019,0.2448,Total dissolved solids (TDS) (z=+0.95),Chloride (Cl) (z=+0.78),Electrical conductivity (EC) (z=+0.68),High,Yes,high,Yes,438.82,"HMIS composite burden sums official counts for: SAM; childhood diarrhoea, pneumonia, measles; infant deaths (1–12m) from diarrhoea/pneumonia; child deaths (1–5y) from diarrhoea/pneumonia; infant deaths within 24h of birth; still births (facility rollup Total, same HMIS rule as ETL).",Childhood Diseases - Severe Acute Malnutrition (SAM); Childhood Diseases - Diarrhoea; Childhood Diseases - Pneumonia; Childhood Diseases - Measles; Number of Infant Deaths (1 -12 months) due to Diarrhoea; Number of Infant Deaths (1 -12 months) due to Pneumonia; Number of Child Deaths (1 -5 years) due to Diarrhoea; Number of Child Deaths (1 -5 years) due to Pneumonia; Number of cases of Infant deaths within 24 hrs of birth; Number of still births,Environmental Y/N = cohort-high exposure band from CGWB medians + monitoring intensity (not a clinical diagnosis). HMIS Y/N = observed composite burden in top tertile when available.
Muzaffarpur,2019,-0.2972,Electrical conductivity (EC) (z=-0.88),Sulphate (SO4) (z=-0.81),Nitrate (NO3) (z=-0.54),Low,No,low,No,13.83,"HMIS composite burden sums official counts for: SAM; childhood diarrhoea, pneumonia, measles; infant deaths (1–12m) from diarrhoea/pneumonia; child deaths (1–5y) from diarrhoea/pneumonia; infant deaths within 24h of birth; still births (facility rollup Total, same HMIS rule as ETL).",Childhood Diseases - Severe Acute Malnutrition (SAM); Childhood Diseases - Diarrhoea; Childhood Diseases - Pneumonia; Childhood Diseases - Measles; Number of Infant Deaths (1 -12 months) due to Diarrhoea; Number of Infant Deaths (1 -12 months) due to Pneumonia; Number of Child Deaths (1 -5 years) due to Diarrhoea; Number of Child Deaths (1 -5 years) due to Pneumonia; Number of cases of Infant deaths within 24 hrs of birth; Number of still births,Environmental Y/N = cohort-high exposure band from CGWB medians + monitoring intensity (not a clinical diagnosis). HMIS Y/N = observed composite burden in top tertile when available.
Muzaffarpur,2020,-0.1692,Monitoring intensity (# wells sampled) (z=-1.92),Fluoride (F) (z=-1.01),Bicarbonate (HCO3) (z=+0.98),Low,No,low,No,0.87,"HMIS composite burden sums official counts for: SAM; childhood diarrhoea, pneumonia, measles; infant deaths (1–12m) from diarrhoea/pneumonia; child deaths (1–5y) from diarrhoea/pneumonia; infant deaths within 24h of birth; still births (facility rollup Total, same HMIS rule as ETL).",Childhood Diseases - Severe Acute Malnutrition (SAM); Childhood Diseases - Diarrhoea; Childhood Diseases - Pneumonia; Childhood Diseases - Measles; Number of Infant Deaths (1 -12 months) due to Diarrhoea; Number of Infant Deaths (1 -12 months) due to Pneumonia; Number of Child Deaths (1 -5 years) due to Diarrhoea; Number of Child Deaths (1 -5 years) due to Pneumonia; Number of cases of Infant deaths within 24 hrs of birth; Number of still births,Environmental Y/N = cohort-high exposure band from CGWB medians + monitoring intensity (not a clinical diagnosis). HMIS Y/N = observed composite burden in top tertile when available.
Muzaffarpur,2021,0.3445,Chloride (Cl) (z=+2.36),Sulphate (SO4) (z=+1.97),Total dissolved solids (TDS) (z=-1.83),High,Yes,low,No,0.29,"HMIS composite burden sums official counts for: SAM; childhood diarrhoea, pneumonia, measles; infant deaths (1–12m) from diarrhoea/pneumonia; child deaths (1–5y) from diarrhoea/pneumonia; infant deaths within 24h of birth; still births (facility rollup Total, same HMIS rule as ETL).",Childhood Diseases - Severe Acute Malnutrition (SAM); Childhood Diseases - Diarrhoea; Childhood Diseases - Pneumonia; Childhood Diseases - Measles; Number of Infant Deaths (1 -12 months) due to Diarrhoea; Number of Infant Deaths (1 -12 months) due to Pneumonia; Number of Child Deaths (1 -5 years) due to Diarrhoea; Number of Child Deaths (1 -5 years) due to Pneumonia; Number of cases of Infant deaths within 24 hrs of birth; Number of still births,Environmental Y/N = cohort-high exposure band from CGWB medians + monitoring intensity (not a clinical diagnosis). HMIS Y/N = observed composite burden in top tertile when available.
Nalanda,2019,0.154,Monitoring intensity (# wells sampled) (z=+1.97),Chloride (Cl) (z=+0.44),Bicarbonate (HCO3) (z=-0.42),Medium,No,high,Yes,88.89,"HMIS composite burden sums official counts for: SAM; childhood diarrhoea, pneumonia, measles; infant deaths (1–12m) from diarrhoea/pneumonia; child deaths (1–5y) from diarrhoea/pneumonia; infant deaths within 24h of birth; still births (facility rollup Total, same HMIS rule as ETL).",Childhood Diseases - Severe Acute Malnutrition (SAM); Childhood Diseases - Diarrhoea; Childhood Diseases - Pneumonia; Childhood Diseases - Measles; Number of Infant Deaths (1 -12 months) due to Diarrhoea; Number of Infant Deaths (1 -12 months) due to Pneumonia; Number of Child Deaths (1 -5 years) due to Diarrhoea; Number of Child Deaths (1 -5 years) due to Pneumonia; Number of cases of Infant deaths within 24 hrs of birth; Number of still births,Environmental Y/N = cohort-high exposure band from CGWB medians + monitoring intensity (not a clinical diagnosis). HMIS Y/N = observed composite burden in top tertile when available.
Nalanda,2020,0.7367,Nitrate (NO3) (z=+1.48),Monitoring intensity (# wells sampled) (z=+1.24),Electrical conductivity (EC) (z=+1.01),High,Yes,low,No,13.97,"HMIS composite burden sums official counts for: SAM; childhood diarrhoea, pneumonia, measles; infant deaths (1–12m) from diarrhoea/pneumonia; child deaths (1–5y) from diarrhoea/pneumonia; infant deaths within 24h of birth; still births (facility rollup Total, same HMIS rule as ETL).",Childhood Diseases - Severe Acute Malnutrition (SAM); Childhood Diseases - Diarrhoea; Childhood Diseases - Pneumonia; Childhood Diseases - Measles; Number of Infant Deaths (1 -12 months) due to Diarrhoea; Number of Infant Deaths (1 -12 months) due to Pneumonia; Number of Child Deaths (1 -5 years) due to Diarrhoea; Number of Child Deaths (1 -5 years) due to Pneumonia; Number of cases of Infant deaths within 24 hrs of birth; Number of still births,Environmental Y/N = cohort-high exposure band from CGWB medians + monitoring intensity (not a clinical diagnosis). HMIS Y/N = observed composite burden in top tertile when available.
Nalanda,2021,0.144,Bicarbonate (HCO3) (z=+1.89),Total dissolved solids (TDS) (z=-1.79),Monitoring intensity (# wells sampled) (z=+1.52),Medium,No,low,No,10.7,"HMIS composite burden sums official counts for: SAM; childhood diarrhoea, pneumonia, measles; infant deaths (1–12m) from diarrhoea/pneumonia; child deaths (1–5y) from diarrhoea/pneumonia; infant deaths within 24h of birth; still births (facility rollup Total, same HMIS rule as ETL).",Childhood Diseases - Severe Acute Malnutrition (SAM); Childhood Diseases - Diarrhoea; Childhood Diseases - Pneumonia; Childhood Diseases - Measles; Number of Infant Deaths (1 -12 months) due to Diarrhoea; Number of Infant Deaths (1 -12 months) due to Pneumonia; Number of Child Deaths (1 -5 years) due to Diarrhoea; Number of Child Deaths (1 -5 years) due to Pneumonia; Number of cases of Infant deaths within 24 hrs of birth; Number of still births,Environmental Y/N = cohort-high exposure band from CGWB medians + monitoring intensity (not a clinical diagnosis). HMIS Y/N = observed composite burden in top tertile when available.
Nawada,2019,-0.3777,Sulphate (SO4) (z=-1.49),Bicarbonate (HCO3) (z=-1.48),Electrical conductivity (EC) (z=-1.02),Low,No,mid,No,22.4,"HMIS composite burden sums official counts for: SAM; childhood diarrhoea, pneumonia, measles; infant deaths (1–12m) from diarrhoea/pneumonia; child deaths (1–5y) from diarrhoea/pneumonia; infant deaths within 24h of birth; still births (facility rollup Total, same HMIS rule as ETL).",Childhood Diseases - Severe Acute Malnutrition (SAM); Childhood Diseases - Diarrhoea; Childhood Diseases - Pneumonia; Childhood Diseases - Measles; Number of Infant Deaths (1 -12 months) due to Diarrhoea; Number of Infant Deaths (1 -12 months) due to Pneumonia; Number of Child Deaths (1 -5 years) due to Diarrhoea; Number of Child Deaths (1 -5 years) due to Pneumonia; Number of cases of Infant deaths within 24 hrs of birth; Number of still births,Environmental Y/N = cohort-high exposure band from CGWB medians + monitoring intensity (not a clinical diagnosis). HMIS Y/N = observed composite burden in top tertile when available.
Nawada,2020,-0.5654,Electrical conductivity (EC) (z=-1.38),Bicarbonate (HCO3) (z=-1.18),Sulphate (SO4) (z=-1.13),Low,No,low,No,4.46,"HMIS composite burden sums official counts for: SAM; childhood diarrhoea, pneumonia, measles; infant deaths (1–12m) from diarrhoea/pneumonia; child deaths (1–5y) from diarrhoea/pneumonia; infant deaths within 24h of birth; still births (facility rollup Total, same HMIS rule as ETL).",Childhood Diseases - Severe Acute Malnutrition (SAM); Childhood Diseases - Diarrhoea; Childhood Diseases - Pneumonia; Childhood Diseases - Measles; Number of Infant Deaths (1 -12 months) due to Diarrhoea; Number of Infant Deaths (1 -12 months) due to Pneumonia; Number of Child Deaths (1 -5 years) due to Diarrhoea; Number of Child Deaths (1 -5 years) due to Pneumonia; Number of cases of Infant deaths within 24 hrs of birth; Number of still births,Environmental Y/N = cohort-high exposure band from CGWB medians + monitoring intensity (not a clinical diagnosis). HMIS Y/N = observed composite burden in top tertile when available.
Nawada,2021,-0.4774,Total dissolved solids (TDS) (z=-1.78),Sulphate (SO4) (z=-1.13),Electrical conductivity (EC) (z=-0.71),Low,No,low,No,2.88,"HMIS composite burden sums official counts for: SAM; childhood diarrhoea, pneumonia, measles; infant deaths (1–12m) from diarrhoea/pneumonia; child deaths (1–5y) from diarrhoea/pneumonia; infant deaths within 24h of birth; still births (facility rollup Total, same HMIS rule as ETL).",Childhood Diseases - Severe Acute Malnutrition (SAM); Childhood Diseases - Diarrhoea; Childhood Diseases - Pneumonia; Childhood Diseases - Measles; Number of Infant Deaths (1 -12 months) due to Diarrhoea; Number of Infant Deaths (1 -12 months) due to Pneumonia; Number of Child Deaths (1 -5 years) due to Diarrhoea; Number of Child Deaths (1 -5 years) due to Pneumonia; Number of cases of Infant deaths within 24 hrs of birth; Number of still births,Environmental Y/N = cohort-high exposure band from CGWB medians + monitoring intensity (not a clinical diagnosis). HMIS Y/N = observed composite burden in top tertile when available.
Patna,2019,-0.5885,Bicarbonate (HCO3) (z=-1.89),Electrical conductivity (EC) (z=-1.69),Monitoring intensity (# wells sampled) (z=+1.24),Low,No,high,Yes,52.58,"HMIS composite burden sums official counts for: SAM; childhood diarrhoea, pneumonia, measles; infant deaths (1–12m) from diarrhoea/pneumonia; child deaths (1–5y) from diarrhoea/pneumonia; infant deaths within 24h of birth; still births (facility rollup Total, same HMIS rule as ETL).",Childhood Diseases - Severe Acute Malnutrition (SAM); Childhood Diseases - Diarrhoea; Childhood Diseases - Pneumonia; Childhood Diseases - Measles; Number of Infant Deaths (1 -12 months) due to Diarrhoea; Number of Infant Deaths (1 -12 months) due to Pneumonia; Number of Child Deaths (1 -5 years) due to Diarrhoea; Number of Child Deaths (1 -5 years) due to Pneumonia; Number of cases of Infant deaths within 24 hrs of birth; Number of still births,Environmental Y/N = cohort-high exposure band from CGWB medians + monitoring intensity (not a clinical diagnosis). HMIS Y/N = observed composite burden in top tertile when available.
Patna,2020,0.3824,Bicarbonate (HCO3) (z=+2.79),Monitoring intensity (# wells sampled) (z=-1.92),Electrical conductivity (EC) (z=+1.78),High,Yes,low,No,3.05,"HMIS composite burden sums official counts for: SAM; childhood diarrhoea, pneumonia, measles; infant deaths (1–12m) from diarrhoea/pneumonia; child deaths (1–5y) from diarrhoea/pneumonia; infant deaths within 24h of birth; still births (facility rollup Total, same HMIS rule as ETL).",Childhood Diseases - Severe Acute Malnutrition (SAM); Childhood Diseases - Diarrhoea; Childhood Diseases - Pneumonia; Childhood Diseases - Measles; Number of Infant Deaths (1 -12 months) due to Diarrhoea; Number of Infant Deaths (1 -12 months) due to Pneumonia; Number of Child Deaths (1 -5 years) due to Diarrhoea; Number of Child Deaths (1 -5 years) due to Pneumonia; Number of cases of Infant deaths within 24 hrs of birth; Number of still births,Environmental Y/N = cohort-high exposure band from CGWB medians + monitoring intensity (not a clinical diagnosis). HMIS Y/N = observed composite burden in top tertile when available.
Patna,2021,-0.2707,Monitoring intensity (# wells sampled) (z=+1.76),Bicarbonate (HCO3) (z=-1.18),Electrical conductivity (EC) (z=-1.08),Low,No,high,Yes,65.29,"HMIS composite burden sums official counts for: SAM; childhood diarrhoea, pneumonia, measles; infant deaths (1–12m) from diarrhoea/pneumonia; child deaths (1–5y) from diarrhoea/pneumonia; infant deaths within 24h of birth; still births (facility rollup Total, same HMIS rule as ETL).",Childhood Diseases - Severe Acute Malnutrition (SAM); Childhood Diseases - Diarrhoea; Childhood Diseases - Pneumonia; Childhood Diseases - Measles; Number of Infant Deaths (1 -12 months) due to Diarrhoea; Number of Infant Deaths (1 -12 months) due to Pneumonia; Number of Child Deaths (1 -5 years) due to Diarrhoea; Number of Child Deaths (1 -5 years) due to Pneumonia; Number of cases of Infant deaths within 24 hrs of birth; Number of still births,Environmental Y/N = cohort-high exposure band from CGWB medians + monitoring intensity (not a clinical diagnosis). HMIS Y/N = observed composite burden in top tertile when available.
Purnia,2020,-0.7006,pH (z=-4.12),Nitrate (NO3) (z=+2.61),Sulphate (SO4) (z=-1.48),Low,No,mid,No,30.91,"HMIS composite burden sums official counts for: SAM; childhood diarrhoea, pneumonia, measles; infant deaths (1–12m) from diarrhoea/pneumonia; child deaths (1–5y) from diarrhoea/pneumonia; infant deaths within 24h of birth; still births (facility rollup Total, same HMIS rule as ETL).",Childhood Diseases - Severe Acute Malnutrition (SAM); Childhood Diseases - Diarrhoea; Childhood Diseases - Pneumonia; Childhood Diseases - Measles; Number of Infant Deaths (1 -12 months) due to Diarrhoea; Number of Infant Deaths (1 -12 months) due to Pneumonia; Number of Child Deaths (1 -5 years) due to Diarrhoea; Number of Child Deaths (1 -5 years) due to Pneumonia; Number of cases of Infant deaths within 24 hrs of birth; Number of still births,Environmental Y/N = cohort-high exposure band from CGWB medians + monitoring intensity (not a clinical diagnosis). HMIS Y/N = observed composite burden in top tertile when available.
Rohtas,2019,0.4999,Bicarbonate (HCO3) (z=+2.10),Fluoride (F) (z=+1.90),Total dissolved solids (TDS) (z=+1.18),High,Yes,low,No,1.89,"HMIS composite burden sums official counts for: SAM; childhood diarrhoea, pneumonia, measles; infant deaths (1–12m) from diarrhoea/pneumonia; child deaths (1–5y) from diarrhoea/pneumonia; infant deaths within 24h of birth; still births (facility rollup Total, same HMIS rule as ETL).",Childhood Diseases - Severe Acute Malnutrition (SAM); Childhood Diseases - Diarrhoea; Childhood Diseases - Pneumonia; Childhood Diseases - Measles; Number of Infant Deaths (1 -12 months) due to Diarrhoea; Number of Infant Deaths (1 -12 months) due to Pneumonia; Number of Child Deaths (1 -5 years) due to Diarrhoea; Number of Child Deaths (1 -5 years) due to Pneumonia; Number of cases of Infant deaths within 24 hrs of birth; Number of still births,Environmental Y/N = cohort-high exposure band from CGWB medians + monitoring intensity (not a clinical diagnosis). HMIS Y/N = observed composite burden in top tertile when available.
Saharsa,2019,0.1479,Chloride (Cl) (z=+1.16),Fluoride (F) (z=+1.03),Nitrate (NO3) (z=-0.91),Medium,No,high,Yes,485.83,"HMIS composite burden sums official counts for: SAM; childhood diarrhoea, pneumonia, measles; infant deaths (1–12m) from diarrhoea/pneumonia; child deaths (1–5y) from diarrhoea/pneumonia; infant deaths within 24h of birth; still births (facility rollup Total, same HMIS rule as ETL).",Childhood Diseases - Severe Acute Malnutrition (SAM); Childhood Diseases - Diarrhoea; Childhood Diseases - Pneumonia; Childhood Diseases - Measles; Number of Infant Deaths (1 -12 months) due to Diarrhoea; Number of Infant Deaths (1 -12 months) due to Pneumonia; Number of Child Deaths (1 -5 years) due to Diarrhoea; Number of Child Deaths (1 -5 years) due to Pneumonia; Number of cases of Infant deaths within 24 hrs of birth; Number of still births,Environmental Y/N = cohort-high exposure band from CGWB medians + monitoring intensity (not a clinical diagnosis). HMIS Y/N = observed composite burden in top tertile when available.
Samastipur,2019,-0.0668,Nitrate (NO3) (z=-0.65),Bicarbonate (HCO3) (z=-0.53),Chloride (Cl) (z=-0.46),Medium,No,high,Yes,193.07,"HMIS composite burden sums official counts for: SAM; childhood diarrhoea, pneumonia, measles; infant deaths (1–12m) from diarrhoea/pneumonia; child deaths (1–5y) from diarrhoea/pneumonia; infant deaths within 24h of birth; still births (facility rollup Total, same HMIS rule as ETL).",Childhood Diseases - Severe Acute Malnutrition (SAM); Childhood Diseases - Diarrhoea; Childhood Diseases - Pneumonia; Childhood Diseases - Measles; Number of Infant Deaths (1 -12 months) due to Diarrhoea; Number of Infant Deaths (1 -12 months) due to Pneumonia; Number of Child Deaths (1 -5 years) due to Diarrhoea; Number of Child Deaths (1 -5 years) due to Pneumonia; Number of cases of Infant deaths within 24 hrs of birth; Number of still births,Environmental Y/N = cohort-high exposure band from CGWB medians + monitoring intensity (not a clinical diagnosis). HMIS Y/N = observed composite burden in top tertile when available.
Samastipur,2020,-0.1459,Nitrate (NO3) (z=+1.74),Bicarbonate (HCO3) (z=-1.18),Fluoride (F) (z=-0.98),Low,No,high,Yes,90.72,"HMIS composite burden sums official counts for: SAM; childhood diarrhoea, pneumonia, measles; infant deaths (1–12m) from diarrhoea/pneumonia; child deaths (1–5y) from diarrhoea/pneumonia; infant deaths within 24h of birth; still births (facility rollup Total, same HMIS rule as ETL).",Childhood Diseases - Severe Acute Malnutrition (SAM); Childhood Diseases - Diarrhoea; Childhood Diseases - Pneumonia; Childhood Diseases - Measles; Number of Infant Deaths (1 -12 months) due to Diarrhoea; Number of Infant Deaths (1 -12 months) due to Pneumonia; Number of Child Deaths (1 -5 years) due to Diarrhoea; Number of Child Deaths (1 -5 years) due to Pneumonia; Number of cases of Infant deaths within 24 hrs of birth; Number of still births,Environmental Y/N = cohort-high exposure band from CGWB medians + monitoring intensity (not a clinical diagnosis). HMIS Y/N = observed composite burden in top tertile when available.
Saran,2019,-0.0122,Monitoring intensity (# wells sampled) (z=+1.08),Chloride (Cl) (z=+0.97),pH (z=-0.93),Medium,No,mid,No,19.13,"HMIS composite burden sums official counts for: SAM; childhood diarrhoea, pneumonia, measles; infant deaths (1–12m) from diarrhoea/pneumonia; child deaths (1–5y) from diarrhoea/pneumonia; infant deaths within 24h of birth; still births (facility rollup Total, same HMIS rule as ETL).",Childhood Diseases - Severe Acute Malnutrition (SAM); Childhood Diseases - Diarrhoea; Childhood Diseases - Pneumonia; Childhood Diseases - Measles; Number of Infant Deaths (1 -12 months) due to Diarrhoea; Number of Infant Deaths (1 -12 months) due to Pneumonia; Number of Child Deaths (1 -5 years) due to Diarrhoea; Number of Child Deaths (1 -5 years) due to Pneumonia; Number of cases of Infant deaths within 24 hrs of birth; Number of still births,Environmental Y/N = cohort-high exposure band from CGWB medians + monitoring intensity (not a clinical diagnosis). HMIS Y/N = observed composite burden in top tertile when available.
Saran,2020,-0.2753,Chloride (Cl) (z=-1.25),Fluoride (F) (z=-1.01),Bicarbonate (HCO3) (z=+0.63),Low,No,low,No,6.45,"HMIS composite burden sums official counts for: SAM; childhood diarrhoea, pneumonia, measles; infant deaths (1–12m) from diarrhoea/pneumonia; child deaths (1–5y) from diarrhoea/pneumonia; infant deaths within 24h of birth; still births (facility rollup Total, same HMIS rule as ETL).",Childhood Diseases - Severe Acute Malnutrition (SAM); Childhood Diseases - Diarrhoea; Childhood Diseases - Pneumonia; Childhood Diseases - Measles; Number of Infant Deaths (1 -12 months) due to Diarrhoea; Number of Infant Deaths (1 -12 months) due to Pneumonia; Number of Child Deaths (1 -5 years) due to Diarrhoea; Number of Child Deaths (1 -5 years) due to Pneumonia; Number of cases of Infant deaths within 24 hrs of birth; Number of still births,Environmental Y/N = cohort-high exposure band from CGWB medians + monitoring intensity (not a clinical diagnosis). HMIS Y/N = observed composite burden in top tertile when available.
Saran,2021,0.2128,Nitrate (NO3) (z=+0.92),Bicarbonate (HCO3) (z=-0.83),Fluoride (F) (z=+0.65),High,Yes,low,No,14.22,"HMIS composite burden sums official counts for: SAM; childhood diarrhoea, pneumonia, measles; infant deaths (1–12m) from diarrhoea/pneumonia; child deaths (1–5y) from diarrhoea/pneumonia; infant deaths within 24h of birth; still births (facility rollup Total, same HMIS rule as ETL).",Childhood Diseases - Severe Acute Malnutrition (SAM); Childhood Diseases - Diarrhoea; Childhood Diseases - Pneumonia; Childhood Diseases - Measles; Number of Infant Deaths (1 -12 months) due to Diarrhoea; Number of Infant Deaths (1 -12 months) due to Pneumonia; Number of Child Deaths (1 -5 years) due to Diarrhoea; Number of Child Deaths (1 -5 years) due to Pneumonia; Number of cases of Infant deaths within 24 hrs of birth; Number of still births,Environmental Y/N = cohort-high exposure band from CGWB medians + monitoring intensity (not a clinical diagnosis). HMIS Y/N = observed composite burden in top tertile when available.
Sheohar,2019,-0.0368,Monitoring intensity (# wells sampled) (z=-1.09),Fluoride (F) (z=-0.79),Bicarbonate (HCO3) (z=-0.76),Medium,No,high,Yes,166.1,"HMIS composite burden sums official counts for: SAM; childhood diarrhoea, pneumonia, measles; infant deaths (1–12m) from diarrhoea/pneumonia; child deaths (1–5y) from diarrhoea/pneumonia; infant deaths within 24h of birth; still births (facility rollup Total, same HMIS rule as ETL).",Childhood Diseases - Severe Acute Malnutrition (SAM); Childhood Diseases - Diarrhoea; Childhood Diseases - Pneumonia; Childhood Diseases - Measles; Number of Infant Deaths (1 -12 months) due to Diarrhoea; Number of Infant Deaths (1 -12 months) due to Pneumonia; Number of Child Deaths (1 -5 years) due to Diarrhoea; Number of Child Deaths (1 -5 years) due to Pneumonia; Number of cases of Infant deaths within 24 hrs of birth; Number of still births,Environmental Y/N = cohort-high exposure band from CGWB medians + monitoring intensity (not a clinical diagnosis). HMIS Y/N = observed composite burden in top tertile when available.
Sitamarhi,2019,-0.7349,Sulphate (SO4) (z=-1.71),Electrical conductivity (EC) (z=-1.67),Chloride (Cl) (z=-1.62),Low,No,high,Yes,106.91,"HMIS composite burden sums official counts for: SAM; childhood diarrhoea, pneumonia, measles; infant deaths (1–12m) from diarrhoea/pneumonia; child deaths (1–5y) from diarrhoea/pneumonia; infant deaths within 24h of birth; still births (facility rollup Total, same HMIS rule as ETL).",Childhood Diseases - Severe Acute Malnutrition (SAM); Childhood Diseases - Diarrhoea; Childhood Diseases - Pneumonia; Childhood Diseases - Measles; Number of Infant Deaths (1 -12 months) due to Diarrhoea; Number of Infant Deaths (1 -12 months) due to Pneumonia; Number of Child Deaths (1 -5 years) due to Diarrhoea; Number of Child Deaths (1 -5 years) due to Pneumonia; Number of cases of Infant deaths within 24 hrs of birth; Number of still births,Environmental Y/N = cohort-high exposure band from CGWB medians + monitoring intensity (not a clinical diagnosis). HMIS Y/N = observed composite burden in top tertile when available.
Sitamarhi,2021,-1.0018,Electrical conductivity (EC) (z=-2.01),Total dissolved solids (TDS) (z=-1.85),Bicarbonate (HCO3) (z=-1.59),Low,No,low,No,8.68,"HMIS composite burden sums official counts for: SAM; childhood diarrhoea, pneumonia, measles; infant deaths (1–12m) from diarrhoea/pneumonia; child deaths (1–5y) from diarrhoea/pneumonia; infant deaths within 24h of birth; still births (facility rollup Total, same HMIS rule as ETL).",Childhood Diseases - Severe Acute Malnutrition (SAM); Childhood Diseases - Diarrhoea; Childhood Diseases - Pneumonia; Childhood Diseases - Measles; Number of Infant Deaths (1 -12 months) due to Diarrhoea; Number of Infant Deaths (1 -12 months) due to Pneumonia; Number of Child Deaths (1 -5 years) due to Diarrhoea; Number of Child Deaths (1 -5 years) due to Pneumonia; Number of cases of Infant deaths within 24 hrs of birth; Number of still births,Environmental Y/N = cohort-high exposure band from CGWB medians + monitoring intensity (not a clinical diagnosis). HMIS Y/N = observed composite burden in top tertile when available.
Siwan,2019,-0.1448,Fluoride (F) (z=-1.01),Sulphate (SO4) (z=-0.90),Chloride (Cl) (z=+0.80),Medium,No,high,Yes,115.03,"HMIS composite burden sums official counts for: SAM; childhood diarrhoea, pneumonia, measles; infant deaths (1–12m) from diarrhoea/pneumonia; child deaths (1–5y) from diarrhoea/pneumonia; infant deaths within 24h of birth; still births (facility rollup Total, same HMIS rule as ETL).",Childhood Diseases - Severe Acute Malnutrition (SAM); Childhood Diseases - Diarrhoea; Childhood Diseases - Pneumonia; Childhood Diseases - Measles; Number of Infant Deaths (1 -12 months) due to Diarrhoea; Number of Infant Deaths (1 -12 months) due to Pneumonia; Number of Child Deaths (1 -5 years) due to Diarrhoea; Number of Child Deaths (1 -5 years) due to Pneumonia; Number of cases of Infant deaths within 24 hrs of birth; Number of still births,Environmental Y/N = cohort-high exposure band from CGWB medians + monitoring intensity (not a clinical diagnosis). HMIS Y/N = observed composite burden in top tertile when available.
Siwan,2020,-0.5985,Monitoring intensity (# wells sampled) (z=-1.92),Fluoride (F) (z=-1.01),Chloride (Cl) (z=-0.88),Low,No,mid,No,33.03,"HMIS composite burden sums official counts for: SAM; childhood diarrhoea, pneumonia, measles; infant deaths (1–12m) from diarrhoea/pneumonia; child deaths (1–5y) from diarrhoea/pneumonia; infant deaths within 24h of birth; still births (facility rollup Total, same HMIS rule as ETL).",Childhood Diseases - Severe Acute Malnutrition (SAM); Childhood Diseases - Diarrhoea; Childhood Diseases - Pneumonia; Childhood Diseases - Measles; Number of Infant Deaths (1 -12 months) due to Diarrhoea; Number of Infant Deaths (1 -12 months) due to Pneumonia; Number of Child Deaths (1 -5 years) due to Diarrhoea; Number of Child Deaths (1 -5 years) due to Pneumonia; Number of cases of Infant deaths within 24 hrs of birth; Number of still births,Environmental Y/N = cohort-high exposure band from CGWB medians + monitoring intensity (not a clinical diagnosis). HMIS Y/N = observed composite burden in top tertile when available.
Siwan,2021,0.2744,Monitoring intensity (# wells sampled) (z=-1.46),Fluoride (F) (z=+1.37),Nitrate (NO3) (z=+0.86),High,Yes,mid,No,36.18,"HMIS composite burden sums official counts for: SAM; childhood diarrhoea, pneumonia, measles; infant deaths (1–12m) from diarrhoea/pneumonia; child deaths (1–5y) from diarrhoea/pneumonia; infant deaths within 24h of birth; still births (facility rollup Total, same HMIS rule as ETL).",Childhood Diseases - Severe Acute Malnutrition (SAM); Childhood Diseases - Diarrhoea; Childhood Diseases - Pneumonia; Childhood Diseases - Measles; Number of Infant Deaths (1 -12 months) due to Diarrhoea; Number of Infant Deaths (1 -12 months) due to Pneumonia; Number of Child Deaths (1 -5 years) due to Diarrhoea; Number of Child Deaths (1 -5 years) due to Pneumonia; Number of cases of Infant deaths within 24 hrs of birth; Number of still births,Environmental Y/N = cohort-high exposure band from CGWB medians + monitoring intensity (not a clinical diagnosis). HMIS Y/N = observed composite burden in top tertile when available.
Supaul,2019,-0.3814,Monitoring intensity (# wells sampled) (z=+1.24),Electrical conductivity (EC) (z=-1.14),Chloride (Cl) (z=-0.97),Low,No,high,Yes,66.4,"HMIS composite burden sums official counts for: SAM; childhood diarrhoea, pneumonia, measles; infant deaths (1–12m) from diarrhoea/pneumonia; child deaths (1–5y) from diarrhoea/pneumonia; infant deaths within 24h of birth; still births (facility rollup Total, same HMIS rule as ETL).",Childhood Diseases - Severe Acute Malnutrition (SAM); Childhood Diseases - Diarrhoea; Childhood Diseases - Pneumonia; Childhood Diseases - Measles; Number of Infant Deaths (1 -12 months) due to Diarrhoea; Number of Infant Deaths (1 -12 months) due to Pneumonia; Number of Child Deaths (1 -5 years) due to Diarrhoea; Number of Child Deaths (1 -5 years) due to Pneumonia; Number of cases of Infant deaths within 24 hrs of birth; Number of still births,Environmental Y/N = cohort-high exposure band from CGWB medians + monitoring intensity (not a clinical diagnosis). HMIS Y/N = observed composite burden in top tertile when available.
Vaishali,2019,-0.3246,pH (z=-1.07),Sulphate (SO4) (z=-1.00),Fluoride (F) (z=-0.96),Low,No,mid,No,45.75,"HMIS composite burden sums official counts for: SAM; childhood diarrhoea, pneumonia, measles; infant deaths (1–12m) from diarrhoea/pneumonia; child deaths (1–5y) from diarrhoea/pneumonia; infant deaths within 24h of birth; still births (facility rollup Total, same HMIS rule as ETL).",Childhood Diseases - Severe Acute Malnutrition (SAM); Childhood Diseases - Diarrhoea; Childhood Diseases - Pneumonia; Childhood Diseases - Measles; Number of Infant Deaths (1 -12 months) due to Diarrhoea; Number of Infant Deaths (1 -12 months) due to Pneumonia; Number of Child Deaths (1 -5 years) due to Diarrhoea; Number of Child Deaths (1 -5 years) due to Pneumonia; Number of cases of Infant deaths within 24 hrs of birth; Number of still births,Environmental Y/N = cohort-high exposure band from CGWB medians + monitoring intensity (not a clinical diagnosis). HMIS Y/N = observed composite burden in top tertile when available.
Vaishali,2020,-0.3085,Chloride (Cl) (z=-1.25),Fluoride (F) (z=-1.01),Electrical conductivity (EC) (z=-0.91),Low,No,low,No,8.04,"HMIS composite burden sums official counts for: SAM; childhood diarrhoea, pneumonia, measles; infant deaths (1–12m) from diarrhoea/pneumonia; child deaths (1–5y) from diarrhoea/pneumonia; infant deaths within 24h of birth; still births (facility rollup Total, same HMIS rule as ETL).",Childhood Diseases - Severe Acute Malnutrition (SAM); Childhood Diseases - Diarrhoea; Childhood Diseases - Pneumonia; Childhood Diseases - Measles; Number of Infant Deaths (1 -12 months) due to Diarrhoea; Number of Infant Deaths (1 -12 months) due to Pneumonia; Number of Child Deaths (1 -5 years) due to Diarrhoea; Number of Child Deaths (1 -5 years) due to Pneumonia; Number of cases of Infant deaths within 24 hrs of birth; Number of still births,Environmental Y/N = cohort-high exposure band from CGWB medians + monitoring intensity (not a clinical diagnosis). HMIS Y/N = observed composite burden in top tertile when available.
Vaishali,2021,0.1222,Nitrate (NO3) (z=+1.79),Fluoride (F) (z=-1.01),Monitoring intensity (# wells sampled) (z=+0.89),Medium,No,mid,No,14.33,"HMIS composite burden sums official counts for: SAM; childhood diarrhoea, pneumonia, measles; infant deaths (1–12m) from diarrhoea/pneumonia; child deaths (1–5y) from diarrhoea/pneumonia; infant deaths within 24h of birth; still births (facility rollup Total, same HMIS rule as ETL).",Childhood Diseases - Severe Acute Malnutrition (SAM); Childhood Diseases - Diarrhoea; Childhood Diseases - Pneumonia; Childhood Diseases - Measles; Number of Infant Deaths (1 -12 months) due to Diarrhoea; Number of Infant Deaths (1 -12 months) due to Pneumonia; Number of Child Deaths (1 -5 years) due to Diarrhoea; Number of Child Deaths (1 -5 years) due to Pneumonia; Number of cases of Infant deaths within 24 hrs of birth; Number of still births,Environmental Y/N = cohort-high exposure band from CGWB medians + monitoring intensity (not a clinical diagnosis). HMIS Y/N = observed composite burden in top tertile when available.
